-- phpMyAdmin SQL Dump
-- version 4.4.15.10
-- https://www.phpmyadmin.net
--
-- Client :  devbdd.iutmetz.univ-lorraine.fr
-- Généré le :  Dim 05 Juin 2022 à 21:56
-- Version du serveur :  10.3.35-MariaDB
-- Version de PHP :  7.1.33

SET SQL_MODE = "NO_AUTO_VALUE_ON_ZERO";
SET time_zone = "+00:00";


/*!40101 SET @OLD_CHARACTER_SET_CLIENT=@@CHARACTER_SET_CLIENT */;
/*!40101 SET @OLD_CHARACTER_SET_RESULTS=@@CHARACTER_SET_RESULTS */;
/*!40101 SET @OLD_COLLATION_CONNECTION=@@COLLATION_CONNECTION */;
/*!40101 SET NAMES utf8mb4 */;

--
-- Base de données :  `fleisch2u_prjttuto`
--

-- --------------------------------------------------------

--
-- Structure de la table `categorie`
--

CREATE TABLE IF NOT EXISTS `categorie` (
  `idCategorie` int(11) NOT NULL,
  `labelCategorie` varchar(20) NOT NULL
) ENGINE=InnoDB AUTO_INCREMENT=6 DEFAULT CHARSET=latin1;

--
-- Contenu de la table `categorie`
--

INSERT INTO `categorie` (`idCategorie`, `labelCategorie`) VALUES
(1, 'Operating'),
(2, 'Regulatory'),
(3, 'Reputational'),
(4, 'Sectorial'),
(5, 'Miscellaneous');

-- --------------------------------------------------------

--
-- Structure de la table `client`
--

CREATE TABLE IF NOT EXISTS `client` (
  `idClient` int(11) NOT NULL,
  `nomClient` varchar(45) NOT NULL,
  `adresse` varchar(255) NOT NULL,
  `codePostal` varchar(10) NOT NULL,
  `ville` varchar(45) NOT NULL,
  `idPays` int(11) NOT NULL
) ENGINE=InnoDB AUTO_INCREMENT=4 DEFAULT CHARSET=utf8mb4;

--
-- Contenu de la table `client`
--

INSERT INTO `client` (`idClient`, `nomClient`, `adresse`, `codePostal`, `ville`, `idPays`) VALUES
(1, 'Client1', 'adresse 1', '75000', 'Paris', 3),
(2, 'Client2', 'adresse 2', '57000', 'Metz', 3),
(3, 'FinTech', 'adresse 3', 'L4578', 'Luxembourg', 2);

-- --------------------------------------------------------

--
-- Structure de la table `contact`
--

CREATE TABLE IF NOT EXISTS `contact` (
  `idContact` int(11) NOT NULL,
  `nomContact` varchar(45) NOT NULL,
  `tel` varchar(20) DEFAULT NULL,
  `mail` varchar(45) NOT NULL,
  `password` varchar(45) NOT NULL,
  `idClient` int(11) NOT NULL,
  `isAdmin` tinyint(1) NOT NULL,
  `isFirstConnection` tinyint(1) NOT NULL
) ENGINE=InnoDB AUTO_INCREMENT=5 DEFAULT CHARSET=utf8mb4;

--
-- Contenu de la table `contact`
--

INSERT INTO `contact` (`idContact`, `nomContact`, `tel`, `mail`, `password`, `idClient`, `isAdmin`, `isFirstConnection`) VALUES
(1, 'Contact1', '(+33)0125402620', 'contact1@client1.com', 'password', 1, 0, 0),
(2, 'admin', NULL, 'admin@fintech.com', 'p@ssword', 3, 1, 0),
(3, 'Contact2', '+33321654987', 'contact2@client1.com', '123', 1, 0, 0),
(4, 'Contact3 Contact', '+49654987321', 'contact3@client2.com', 'motdepasse', 2, 0, 0);

-- --------------------------------------------------------

--
-- Structure de la table `formulaire`
--

CREATE TABLE IF NOT EXISTS `formulaire` (
  `idFormulaire` int(11) NOT NULL,
  `idClient` int(11) NOT NULL,
  `idPrestataire` int(11) NOT NULL,
  `idSecteur` int(11) NOT NULL,
  `idPays` int(11) NOT NULL,
  `totalPoints` int(11) DEFAULT NULL
) ENGINE=InnoDB AUTO_INCREMENT=151 DEFAULT CHARSET=latin1;

--
-- Contenu de la table `formulaire`
--

INSERT INTO `formulaire` (`idFormulaire`, `idClient`, `idPrestataire`, `idSecteur`, `idPays`, `totalPoints`) VALUES
(1, 1, 1, 13, 125, 24),
(2, 1, 2, 8, 77, 4),
(3, 1, 3, 13, 125, 26),
(4, 1, 4, 13, 77, 23),
(5, 1, 5, 6, 125, 31),
(6, 1, 6, 6, 21, 7),
(7, 1, 7, 13, 55, 14),
(8, 1, 8, 9, 77, 18),
(9, 1, 9, 13, 125, 18),
(10, 1, 10, 13, 125, 17),
(11, 1, 11, 6, 77, 24),
(12, 1, 12, 13, 125, 15),
(13, 1, 13, 13, 125, 15),
(14, 1, 14, 13, 125, 19),
(15, 1, 15, 6, 77, 17),
(16, 1, 16, 8, 227, 25),
(17, 1, 17, 8, 81, 34),
(18, 1, 18, 8, 77, 6),
(19, 1, 19, 8, 170, 17),
(20, 1, 20, 9, 77, 11),
(21, 1, 21, 9, 229, 19),
(22, 1, 22, 9, 228, 20),
(23, 1, 23, 9, 209, 21),
(24, 1, 24, 2, 221, 13),
(25, 1, 25, 2, 229, 22),
(26, 1, 26, 2, 172, 16),
(27, 1, 27, 2, 84, 27),
(28, 1, 28, 3, 77, 12),
(29, 1, 29, 3, 103, 37),
(30, 1, 30, 3, 10, 24),
(31, 1, 31, 3, 77, 14),
(32, 1, 32, 4, 40, 31),
(33, 1, 33, 4, 102, 28),
(34, 1, 34, 4, 197, 15),
(35, 1, 35, 4, 46, 31),
(36, 1, 36, 5, 197, 25),
(37, 1, 37, 5, 61, 16),
(38, 1, 38, 5, 229, 28),
(39, 1, 39, 5, 178, 21),
(40, 1, 40, 5, 175, 42),
(41, 1, 41, 7, 125, 17),
(42, 1, 42, 7, 46, 16),
(43, 1, 43, 7, 21, 26),
(44, 1, 44, 7, 110, 21),
(45, 1, 45, 1, 35, 10),
(46, 1, 46, 1, 178, 13),
(47, 1, 47, 10, 77, 5),
(48, 1, 48, 10, 31, 6),
(49, 1, 49, 11, 229, 12),
(50, 1, 50, 11, 77, 9),
(51, 1, 51, 11, 164, 8),
(52, 1, 52, 11, 85, 7),
(53, 1, 53, 12, 229, 22),
(54, 1, 54, 12, 229, 13),
(55, 1, 55, 12, 40, 24),
(56, 1, 56, 12, 45, 28),
(57, 1, 57, 6, 229, 25),
(58, 1, 58, 6, 229, 18),
(59, 1, 59, 6, 211, 20),
(60, 1, 60, 13, 228, 15),
(61, 1, 61, 10, 77, 8),
(62, 1, 62, 10, 100, 3),
(63, 1, 63, 2, 65, 22),
(64, 1, 64, 8, 178, 21),
(65, 1, 65, 11, 239, 41),
(66, 1, 66, 12, 84, 36),
(67, 1, 67, 11, 35, 24),
(68, 1, 68, 6, 39, 41),
(69, 1, 69, 1, 106, 25),
(70, 1, 70, 8, 124, 26),
(71, 1, 71, 5, 220, 35),
(72, 1, 72, 7, 3, 11),
(73, 1, 73, 13, 31, 37),
(74, 1, 74, 8, 151, 42),
(75, 1, 75, 3, 45, 38),
(76, 1, 76, 1, 184, 18),
(77, 1, 77, 5, 55, 17),
(78, 1, 78, 10, 112, 43),
(79, 1, 79, 12, 146, 35),
(80, 1, 80, 10, 46, 16),
(81, 1, 81, 1, 193, 26),
(82, 1, 82, 10, 221, 43),
(83, 1, 83, 2, 210, 29),
(84, 1, 84, 12, 39, 19),
(85, 1, 85, 10, 210, 34),
(86, 1, 86, 7, 193, 23),
(87, 1, 87, 11, 241, 21),
(88, 1, 88, 7, 3, 28),
(89, 1, 89, 7, 162, 10),
(90, 1, 90, 1, 225, 29),
(91, 1, 91, 6, 131, 26),
(92, 1, 92, 8, 164, 42),
(93, 1, 93, 9, 49, 13),
(94, 1, 94, 6, 87, 27),
(95, 1, 95, 4, 99, 22),
(96, 1, 96, 1, 66, 18),
(97, 1, 97, 12, 197, 9),
(98, 1, 98, 3, 98, 17),
(99, 1, 99, 1, 155, 30),
(100, 1, 100, 10, 61, 13),
(101, 1, 101, 1, 14, 24),
(102, 1, 102, 3, 154, 17),
(103, 1, 103, 12, 211, 19),
(104, 1, 104, 13, 221, 33),
(105, 1, 105, 12, 108, 23),
(106, 1, 106, 1, 101, 19),
(107, 1, 107, 1, 129, 38),
(108, 1, 108, 3, 72, 22),
(109, 1, 109, 5, 3, 23),
(110, 1, 110, 13, 13, 26),
(111, 1, 111, 3, 145, 12),
(112, 1, 112, 4, 184, 17),
(113, 1, 113, 8, 122, 18),
(114, 1, 114, 12, 197, 30),
(115, 1, 115, 5, 98, 13),
(116, 1, 116, 8, 86, 38),
(117, 1, 117, 6, 230, 20),
(118, 1, 118, 9, 150, 34),
(119, 1, 119, 13, 76, 25),
(120, 1, 120, 6, 178, 34),
(121, 1, 121, 3, 209, 19),
(122, 1, 122, 2, 214, 39),
(123, 1, 123, 13, 169, 19),
(124, 1, 124, 6, 108, 28),
(125, 1, 125, 10, 106, 24),
(126, 1, 126, 5, 237, 22),
(127, 1, 127, 3, 113, 36),
(128, 1, 128, 13, 163, 32),
(129, 1, 129, 3, 131, 31),
(130, 1, 130, 13, 193, 25),
(131, 1, 131, 10, 145, 23),
(132, 1, 132, 1, 70, 17),
(133, 1, 133, 5, 227, 24),
(134, 1, 134, 11, 221, 45),
(135, 1, 135, 3, 46, 23),
(136, 1, 136, 3, 169, 20),
(137, 1, 137, 3, 72, 34),
(138, 1, 138, 11, 237, 17),
(139, 1, 139, 5, 197, 28),
(140, 1, 140, 8, 122, 21),
(141, 1, 141, 10, 87, 27),
(142, 1, 142, 5, 143, 17),
(143, 1, 143, 3, 143, 10),
(144, 1, 144, 7, 81, 35),
(145, 1, 145, 4, 183, 28),
(146, 1, 146, 4, 46, 27),
(147, 1, 147, 5, 188, 37),
(148, 1, 148, 8, 105, 29),
(149, 1, 149, 3, 104, 20),
(150, 1, 150, 4, 106, 26);

-- --------------------------------------------------------

--
-- Structure de la table `pays`
--

CREATE TABLE IF NOT EXISTS `pays` (
  `idPays` int(11) NOT NULL,
  `nomPays` varchar(45) NOT NULL,
  `idReponse` int(11) NOT NULL
) ENGINE=InnoDB AUTO_INCREMENT=242 DEFAULT CHARSET=utf8mb4;

--
-- Contenu de la table `pays`
--

INSERT INTO `pays` (`idPays`, `nomPays`, `idReponse`) VALUES
(1, 'Afghanistan', 6),
(2, 'Albania', 6),
(3, 'Algeria', 5),
(4, 'American Samoa', 3),
(5, 'Andorra', 3),
(6, 'Angola', 6),
(7, 'Anguilla', 4),
(8, 'Antarctica', 3),
(9, 'Antigua & Barbuda', 5),
(10, 'Argentina', 6),
(11, 'Armenia', 6),
(12, 'Aruba', 4),
(13, 'Australia', 3),
(14, 'Austria', 3),
(15, 'Azerbaijan', 5),
(16, 'Bahamas', 4),
(17, 'Bahrain', 5),
(18, 'Bangladesh', 6),
(19, 'Barbados', 6),
(20, 'Belarus', 6),
(21, 'Belgium', 3),
(22, 'Belize', 6),
(23, 'Benin', 5),
(24, 'Bermuda', 3),
(25, 'BES Islands (Bonaire, St Eustatius, Saba)', 3),
(26, 'Bhutan', 5),
(27, 'Bolivia', 6),
(28, 'Bosnia and Herzegovina', 6),
(29, 'Botswana', 4),
(30, 'Bouvet Island', 3),
(31, 'Brazil', 4),
(32, 'British Indian Ocean Territory', 3),
(33, 'British Virgin Islands', 3),
(34, 'Brunei', 4),
(35, 'Bulgaria', 4),
(36, 'Burkina Faso', 6),
(37, 'Burundi', 6),
(38, 'Cambodia', 5),
(39, 'Cameroon', 6),
(40, 'Canada', 3),
(41, 'Cape Verde Islands', 5),
(42, 'Cayman Islands', 3),
(43, 'Central African Republic', 6),
(44, 'Chad', 6),
(45, 'Chile', 4),
(46, 'China', 4),
(47, 'Christmas Island', 3),
(48, 'Cocos (Keeling) Islands', 3),
(49, 'Colombia', 4),
(50, 'Comoros', 6),
(51, 'Congo (Democratic Rep Of)', 6),
(52, 'Congo (People''s Rep Of)', 6),
(53, 'Cook Islands', 5),
(54, 'Costa Rica', 4),
(55, 'Cote d''Ivoire', 5),
(56, 'Croatia', 4),
(57, 'Cuba', 6),
(58, 'Curacao', 5),
(59, 'Cyprus', 4),
(60, 'Czech Republic', 3),
(61, 'Denmark', 3),
(62, 'Djibouti', 5),
(63, 'Dominica', 5),
(64, 'Dominican Republic', 4),
(65, 'Ecuador', 5),
(66, 'Egypt', 5),
(67, 'El Salvador', 4),
(68, 'Equatorial Guinea', 6),
(69, 'Eritrea', 6),
(70, 'Estonia', 3),
(71, 'Eswatini', 5),
(72, 'Ethiopia', 6),
(73, 'Falkland Islands', 3),
(74, 'Faroe Islands', 3),
(75, 'Fiji', 6),
(76, 'Finland', 3),
(77, 'France', 3),
(78, 'French Guiana', 3),
(79, 'French Polynesia', 4),
(80, 'French Southern Territory', 3),
(81, 'Gabon', 6),
(82, 'Gambia', 6),
(83, 'Georgia', 6),
(84, 'Germany', 3),
(85, 'Ghana', 5),
(86, 'Gibraltar', 3),
(87, 'Greece', 4),
(88, 'Greenland', 3),
(89, 'Grenada', 5),
(90, 'Guadeloupe', 3),
(91, 'Guam', 3),
(92, 'Guatemala', 4),
(93, 'Guinea (Rep Of) ', 6),
(94, 'Guinea Bissau', 6),
(95, 'Guyana ', 5),
(96, 'Haiti', 6),
(97, 'Heard and McDonald Islands', 3),
(98, 'Honduras', 5),
(99, 'Hong Kong', 4),
(100, 'Hungary', 4),
(101, 'Iceland', 4),
(102, 'India', 4),
(103, 'Indonesia', 4),
(104, 'Iran', 6),
(105, 'Iraq', 6),
(106, 'Ireland', 3),
(107, 'Israel', 4),
(108, 'Italy', 3),
(109, 'Jamaica', 5),
(110, 'Japan', 3),
(111, 'Jordan', 5),
(112, 'Kazakhstan', 5),
(113, 'Kenya', 5),
(114, 'Kiribati', 5),
(115, 'Kuwait', 4),
(116, 'Kyrgyzstan', 6),
(117, 'Laos', 6),
(118, 'Latvia', 3),
(119, 'Lebanon', 6),
(120, 'Lesotho', 5),
(121, 'Liberia', 6),
(122, 'Libya', 6),
(123, 'Liechtenstein', 3),
(124, 'Lithuania', 3),
(125, 'Luxembourg', 3),
(126, 'Macao', 4),
(127, 'Madagascar', 6),
(128, 'Malawi', 6),
(129, 'Malaysia', 4),
(130, 'Maldives', 5),
(131, 'Mali', 6),
(132, 'Malta', 3),
(133, 'Marshall Islands', 6),
(134, 'Martinique', 3),
(135, 'Mauritania', 6),
(136, 'Mauritius', 4),
(137, 'Mayotte', 3),
(138, 'Mexico', 4),
(139, 'Micronesia', 5),
(140, 'Moldova', 6),
(141, 'Monaco', 3),
(142, 'Mongolia', 6),
(143, 'Montenegro', 6),
(144, 'Montserrat', 4),
(145, 'Morocco', 4),
(146, 'Mozambique', 6),
(147, 'Myanmar (Burma)', 6),
(148, 'Namibia', 5),
(149, 'Nauru', 6),
(150, 'Nepal', 6),
(151, 'Netherlands', 3),
(152, 'New Caledonia', 3),
(153, 'New Zealand', 3),
(154, 'Nicaragua', 6),
(155, 'Niger', 6),
(156, 'Nigeria', 6),
(157, 'Niue', 4),
(158, 'Norfolk Island', 3),
(159, 'North Korea', 6),
(160, 'North Macedonia', 5),
(161, 'Northern Mariana Islands', 3),
(162, 'Norway', 3),
(163, 'Oman', 5),
(164, 'Pakistan', 6),
(165, 'Palau', 5),
(166, 'Panama', 4),
(167, 'Papua New Guinea', 6),
(168, 'Paraguay', 4),
(169, 'Peru', 4),
(170, 'Philippines', 4),
(171, 'Pitcairn Islands', 3),
(172, 'Poland', 4),
(173, 'Portugal', 4),
(174, 'Puerto Rico', 4),
(175, 'Qatar', 4),
(176, 'Reunion', 3),
(177, 'Romania', 4),
(178, 'Russia', 6),
(179, 'Rwanda', 4),
(180, 'Samoa', 5),
(181, 'San Marino', 3),
(182, 'Sao Tome & Principe', 5),
(183, 'Saudi Arabia', 4),
(184, 'Senegal', 5),
(185, 'Serbia', 4),
(186, 'Seychelles', 6),
(187, 'Sierra Leone', 6),
(188, 'Singapore', 3),
(189, 'Slovakia', 3),
(190, 'Slovenia', 4),
(191, 'Solomon Islands', 6),
(192, 'Somalia', 6),
(193, 'South Africa', 5),
(194, 'South Georgia/Sandwich Islands', 3),
(195, 'South Korea', 3),
(196, 'South Sudan', 6),
(197, 'Spain', 3),
(198, 'Sri Lanka', 6),
(199, 'St Helena', 3),
(200, 'St. Kitts & Nevis', 5),
(201, 'St. Lucia', 5),
(202, 'St. Maarten', 5),
(203, 'St. Pierre Et Miquelon', 3),
(204, 'St. Vincent & The Grenadines', 5),
(205, 'Sudan', 6),
(206, 'Suriname', 6),
(207, 'Svalbard & Jan Mayen', 3),
(208, 'Sweden', 3),
(209, 'Switzerland', 3),
(210, 'Syria', 6),
(211, 'Taiwan', 3),
(212, 'Tajikistan', 6),
(213, 'Tanzania', 5),
(214, 'Thailand', 4),
(215, 'Timor Leste', 6),
(216, 'Togo', 6),
(217, 'Tokelau', 3),
(218, 'Tonga', 6),
(219, 'Trinidad & Tobago', 4),
(220, 'Tunisia', 6),
(221, 'Turkey', 5),
(222, 'Turkmenistan', 6),
(223, 'Turks & Caicos', 3),
(224, 'Tuvalu', 5),
(225, 'Uganda', 5),
(226, 'Ukraine', 6),
(227, 'United Arab Emirate', 4),
(228, 'United Kingdom', 3),
(229, 'United States', 3),
(230, 'Uruguay', 4),
(231, 'US Minor Outlying Islands', 3),
(232, 'US Virgin Islands', 3),
(233, 'Uzbekistan', 6),
(234, 'Vanuatu', 5),
(235, 'Vatican City', 3),
(236, 'Venezuela', 6),
(237, 'Vietnam', 5),
(238, 'Wallis & Futuna', 3),
(239, 'Yemen', 6),
(240, 'Zambia', 6),
(241, 'Zimbabwe', 6);

-- --------------------------------------------------------

--
-- Structure de la table `pointobtenu`
--

CREATE TABLE IF NOT EXISTS `pointobtenu` (
  `idQuestion` int(11) NOT NULL,
  `idReponse` int(11) NOT NULL,
  `pointQuestion` int(11) NOT NULL
) ENGINE=InnoDB DEFAULT CHARSET=latin1;

--
-- Contenu de la table `pointobtenu`
--

INSERT INTO `pointobtenu` (`idQuestion`, `idReponse`, `pointQuestion`) VALUES
(1, 7, 0),
(2, 3, 0),
(2, 4, 4),
(2, 5, 9),
(2, 6, 18),
(3, 3, 0),
(3, 4, 2),
(3, 5, 4),
(4, 3, 0),
(4, 4, 1),
(4, 5, 3),
(4, 6, 4),
(5, 1, 0),
(5, 2, 1),
(6, 1, 2),
(6, 2, 0),
(7, 1, 7),
(7, 2, 0),
(8, 1, 3),
(8, 2, 0),
(9, 1, 0),
(9, 2, 1),
(10, 1, 4),
(10, 2, 0),
(11, 1, 1),
(11, 2, 0),
(12, 1, 0),
(12, 2, 1),
(13, 1, 0),
(13, 2, 1),
(14, 3, 0),
(14, 4, 1),
(14, 5, 3),
(15, 1, 0),
(15, 2, 1),
(16, 1, 0),
(16, 2, 1);

-- --------------------------------------------------------

--
-- Structure de la table `prestataire`
--

CREATE TABLE IF NOT EXISTS `prestataire` (
  `idPrestataire` int(11) NOT NULL,
  `nomPrestataire` varchar(255) NOT NULL
) ENGINE=InnoDB AUTO_INCREMENT=151 DEFAULT CHARSET=utf8mb4;

--
-- Contenu de la table `prestataire`
--

INSERT INTO `prestataire` (`idPrestataire`, `nomPrestataire`) VALUES
(1, 'HSBC'),
(2, 'ONET'),
(3, 'Rotschild'),
(4, 'BNP Paribas'),
(5, 'Microsoft'),
(6, 'Proximus'),
(7, 'Attijari Securities West Africa'),
(8, 'Archiveco'),
(9, 'Société Générale'),
(10, 'AXA'),
(11, 'SOGETREL'),
(12, 'BAKER TILLY'),
(13, 'LPG'),
(14, 'PwC'),
(15, 'Atos'),
(16, 'Sodexo'),
(17, 'ORTEC'),
(18, 'Ginger BURGEAP'),
(19, 'ATALIAN'),
(20, 'Sanofi'),
(21, 'Johnson & Johnson'),
(22, 'GSK'),
(23, 'Berna Biotech'),
(24, 'Renault'),
(25, 'General Motors'),
(26, 'Toyota'),
(27, 'Mercedes-Benz'),
(28, 'DuPont'),
(29, 'LyondellBasel'),
(30, 'AirLiquide'),
(31, 'ALTEO'),
(32, 'Demathieu Bard'),
(33, 'Vinci Construction'),
(34, 'ACS (Actividades de Construcción y Servicios)'),
(35, 'CSCEC (China State Construction Engineering Corporation)'),
(36, 'Iberdrola SA'),
(37, 'Orsted'),
(38, 'Exxon Mobil'),
(39, 'Gazprom'),
(40, 'Total'),
(41, 'ArcelorMittal'),
(42, 'China Baowu Group'),
(43, 'ThyssenKrupp'),
(44, 'Nippon Steel'),
(45, 'Nestle'),
(46, 'Groupe ISB'),
(47, 'Amazon'),
(48, 'Carrefour'),
(49, 'Nike'),
(50, 'Hermès'),
(51, 'Zaib Textile Group'),
(52, 'Key Textiles Company Ltd'),
(53, 'FEDEX'),
(54, 'DHL'),
(55, 'Alstom'),
(56, 'Geodis'),
(57, 'AWS'),
(58, 'NVIDIA'),
(59, 'TSMC'),
(60, 'Allianz'),
(61, 'Lidl'),
(62, 'Auchan'),
(63, 'ThirdParty 1 '),
(64, 'ThirdParty 2 '),
(65, 'ThirdParty 3 '),
(66, 'ThirdParty 4 '),
(67, 'ThirdParty 5 '),
(68, 'ThirdParty 6 '),
(69, 'ThirdParty 7 '),
(70, 'ThirdParty 8 '),
(71, 'ThirdParty 9 '),
(72, 'ThirdParty 10 '),
(73, 'ThirdParty 11 '),
(74, 'ThirdParty 12 '),
(75, 'ThirdParty 13 '),
(76, 'ThirdParty 14 '),
(77, 'ThirdParty 15 '),
(78, 'ThirdParty 16 '),
(79, 'ThirdParty 17 '),
(80, 'ThirdParty 18 '),
(81, 'ThirdParty 19 '),
(82, 'ThirdParty 20 '),
(83, 'ThirdParty 21 '),
(84, 'ThirdParty 22 '),
(85, 'ThirdParty 23 '),
(86, 'ThirdParty 24 '),
(87, 'ThirdParty 25 '),
(88, 'ThirdParty 26 '),
(89, 'ThirdParty 27 '),
(90, 'ThirdParty 28 '),
(91, 'ThirdParty 29 '),
(92, 'ThirdParty 30 '),
(93, 'ThirdParty 31 '),
(94, 'ThirdParty 32 '),
(95, 'ThirdParty 33 '),
(96, 'ThirdParty 34 '),
(97, 'ThirdParty 35 '),
(98, 'ThirdParty 36 '),
(99, 'ThirdParty 37 '),
(100, 'ThirdParty 38 '),
(101, 'ThirdParty 39 '),
(102, 'ThirdParty 40 '),
(103, 'ThirdParty 41 '),
(104, 'ThirdParty 42 '),
(105, 'ThirdParty 43 '),
(106, 'ThirdParty 44 '),
(107, 'ThirdParty 45 '),
(108, 'ThirdParty 46 '),
(109, 'ThirdParty 47 '),
(110, 'ThirdParty 48 '),
(111, 'ThirdParty 49 '),
(112, 'ThirdParty 50 '),
(113, 'ThirdParty 51 '),
(114, 'ThirdParty 52 '),
(115, 'ThirdParty 53 '),
(116, 'ThirdParty 54 '),
(117, 'ThirdParty 55 '),
(118, 'ThirdParty 56 '),
(119, 'ThirdParty 57 '),
(120, 'ThirdParty 58 '),
(121, 'ThirdParty 59 '),
(122, 'ThirdParty 60 '),
(123, 'ThirdParty 61 '),
(124, 'ThirdParty 62 '),
(125, 'ThirdParty 63 '),
(126, 'ThirdParty 64 '),
(127, 'ThirdParty 65 '),
(128, 'ThirdParty 66 '),
(129, 'ThirdParty 67 '),
(130, 'ThirdParty 68 '),
(131, 'ThirdParty 69 '),
(132, 'ThirdParty 70 '),
(133, 'ThirdParty 71 '),
(134, 'ThirdParty 72 '),
(135, 'ThirdParty 73 '),
(136, 'ThirdParty 74 '),
(137, 'ThirdParty 75 '),
(138, 'ThirdParty 76 '),
(139, 'ThirdParty 77 '),
(140, 'ThirdParty 78 '),
(141, 'ThirdParty 79 '),
(142, 'ThirdParty 80 '),
(143, 'ThirdParty 81 '),
(144, 'ThirdParty 82 '),
(145, 'ThirdParty 83 '),
(146, 'ThirdParty 84 '),
(147, 'ThirdParty 85 '),
(148, 'ThirdParty 86 '),
(149, 'ThirdParty 87 '),
(150, 'ThirdParty 88 ');

-- --------------------------------------------------------

--
-- Structure de la table `question`
--

CREATE TABLE IF NOT EXISTS `question` (
  `idQuestion` int(11) NOT NULL,
  `labelQuestion` text NOT NULL,
  `type` varchar(10) NOT NULL,
  `idCategorie` int(11) NOT NULL
) ENGINE=InnoDB AUTO_INCREMENT=17 DEFAULT CHARSET=utf8mb4;

--
-- Contenu de la table `question`
--

INSERT INTO `question` (`idQuestion`, `labelQuestion`, `type`, `idCategorie`) VALUES
(1, 'What is the sector of activity of this Third Party? ', 'dropdown', 4),
(2, 'Can the deficiency of the Third Party cause a critical, high, medium or low interruption of service of the Requesting Party? ', 'radio', 1),
(3, 'How difficult would it be to replace the Third Party? ', 'radio', 1),
(4, 'In which Country is the service performed ?', 'dropdown', 4),
(5, 'Is the Third Party subject to any regulatory requirements?', 'radio', 2),
(6, 'Does the Third Party handle Personal Information subject to GDPR requirements? ', 'radio', 1),
(7, 'Will the Third Party have access to sensitive information pertaining to your business operations? ', 'radio', 1),
(8, 'Will the data of the Requesting Company be stored in the cloud?', 'radio', 1),
(9, 'Will the Third Party perform the service directly? (outsourcing < 15%)', 'radio', 1),
(10, 'Will the Third Party have access to the IT infrastructure of the Requesting Company ?', 'radio', 1),
(11, 'Was/is the Third Party involved in any activity that could reflect negatively on the Requesting Company ?', 'radio', 3),
(12, 'Does the Third Party comply with the public opinion of your country ? (i.e. mainstream media)', 'radio', 3),
(13, 'Is the Third Party''s brand known to the public?', 'radio', 3),
(14, 'What is the expected annual financial contract amount of the Third-Party service? Low<10% Revenu, 10 % Revenu < Medium < 20% Revenu, High> 20% Revenu', 'radio', 1),
(15, 'Is the Third Party listed or part of a listed group?', 'radio', 2),
(16, 'Can the Third Party adapt to changes due to unforeseen events? (e.g maintain service in case of pandemic)', 'radio', 5);

-- --------------------------------------------------------

--
-- Structure de la table `reponse`
--

CREATE TABLE IF NOT EXISTS `reponse` (
  `idReponse` int(11) NOT NULL,
  `labelReponse` varchar(10) NOT NULL
) ENGINE=InnoDB AUTO_INCREMENT=8 DEFAULT CHARSET=utf8mb4;

--
-- Contenu de la table `reponse`
--

INSERT INTO `reponse` (`idReponse`, `labelReponse`) VALUES
(1, 'Yes'),
(2, 'No'),
(3, 'Low'),
(4, 'Medium'),
(5, 'High'),
(6, 'Critical'),
(7, 'Default');

-- --------------------------------------------------------

--
-- Structure de la table `reponseformulaire`
--

CREATE TABLE IF NOT EXISTS `reponseformulaire` (
  `idFormulaire` int(11) NOT NULL,
  `idQuestion` int(11) NOT NULL,
  `idReponsePresta` int(11) NOT NULL
) ENGINE=InnoDB DEFAULT CHARSET=latin1;

--
-- Contenu de la table `reponseformulaire`
--

INSERT INTO `reponseformulaire` (`idFormulaire`, `idQuestion`, `idReponsePresta`) VALUES
(1, 5, 1),
(1, 6, 1),
(1, 7, 1),
(1, 8, 1),
(1, 9, 1),
(1, 12, 1),
(1, 13, 1),
(1, 15, 1),
(1, 16, 1),
(2, 9, 1),
(2, 11, 1),
(2, 13, 1),
(2, 15, 1),
(3, 5, 1),
(3, 6, 1),
(3, 7, 1),
(3, 8, 1),
(3, 9, 1),
(3, 11, 1),
(3, 12, 1),
(3, 15, 1),
(3, 16, 1),
(4, 5, 1),
(4, 6, 1),
(4, 7, 1),
(4, 8, 1),
(4, 9, 1),
(4, 12, 1),
(4, 13, 1),
(4, 15, 1),
(5, 6, 1),
(5, 7, 1),
(5, 8, 1),
(5, 9, 1),
(5, 10, 1),
(5, 12, 1),
(5, 13, 1),
(5, 15, 1),
(5, 16, 1),
(6, 6, 1),
(6, 8, 1),
(6, 9, 1),
(6, 12, 1),
(6, 13, 1),
(6, 16, 1),
(7, 6, 1),
(7, 7, 1),
(7, 9, 1),
(7, 12, 1),
(8, 7, 1),
(8, 8, 1),
(8, 9, 1),
(8, 10, 1),
(8, 12, 1),
(8, 16, 1),
(9, 5, 1),
(9, 6, 1),
(9, 7, 1),
(9, 8, 1),
(9, 9, 1),
(9, 11, 1),
(9, 12, 1),
(9, 13, 1),
(9, 15, 1),
(9, 16, 1),
(10, 5, 1),
(10, 6, 1),
(10, 7, 1),
(10, 12, 1),
(10, 13, 1),
(10, 15, 1),
(10, 16, 1),
(11, 7, 1),
(11, 8, 1),
(11, 9, 1),
(11, 10, 1),
(11, 12, 1),
(11, 16, 1),
(12, 5, 1),
(12, 6, 1),
(12, 7, 1),
(12, 9, 1),
(12, 12, 1),
(12, 13, 1),
(13, 5, 1),
(13, 6, 1),
(13, 7, 1),
(13, 9, 1),
(13, 12, 1),
(13, 13, 1),
(14, 5, 1),
(14, 6, 1),
(14, 7, 1),
(14, 8, 1),
(14, 9, 1),
(14, 12, 1),
(14, 13, 1),
(14, 15, 1),
(14, 16, 1),
(15, 6, 1),
(15, 8, 1),
(15, 10, 1),
(15, 12, 1),
(15, 13, 1),
(15, 15, 1),
(15, 16, 1),
(16, 6, 1),
(16, 7, 1),
(16, 8, 1),
(16, 12, 1),
(16, 13, 1),
(16, 15, 1),
(17, 7, 1),
(17, 8, 1),
(17, 9, 1),
(17, 12, 1),
(18, 12, 1),
(18, 15, 1),
(19, 7, 1),
(19, 8, 1),
(19, 9, 1),
(19, 12, 1),
(20, 5, 1),
(20, 6, 1),
(20, 8, 1),
(20, 11, 1),
(20, 12, 1),
(20, 13, 1),
(20, 15, 1),
(20, 16, 1),
(21, 5, 1),
(21, 6, 1),
(21, 8, 1),
(21, 11, 1),
(21, 12, 1),
(21, 13, 1),
(21, 16, 1),
(22, 5, 1),
(22, 6, 1),
(22, 7, 1),
(22, 8, 1),
(22, 9, 1),
(22, 12, 1),
(22, 15, 1),
(22, 16, 1),
(23, 5, 1),
(23, 6, 1),
(23, 7, 1),
(23, 8, 1),
(23, 12, 1),
(24, 11, 1),
(24, 12, 1),
(24, 13, 1),
(24, 15, 1),
(24, 16, 1),
(25, 7, 1),
(25, 12, 1),
(25, 13, 1),
(25, 15, 1),
(26, 8, 1),
(26, 12, 1),
(26, 13, 1),
(26, 15, 1),
(27, 6, 1),
(27, 8, 1),
(27, 11, 1),
(27, 12, 1),
(27, 13, 1),
(27, 15, 1),
(27, 16, 1),
(28, 5, 1),
(28, 12, 1),
(28, 16, 1),
(29, 5, 1),
(29, 7, 1),
(29, 8, 1),
(29, 11, 1),
(29, 12, 1),
(29, 13, 1),
(29, 15, 1),
(30, 5, 1),
(30, 7, 1),
(30, 9, 1),
(30, 11, 1),
(30, 12, 1),
(30, 13, 1),
(30, 15, 1),
(30, 16, 1),
(31, 5, 1),
(31, 8, 1),
(31, 11, 1),
(31, 12, 1),
(31, 13, 1),
(31, 15, 1),
(31, 16, 1),
(32, 6, 1),
(32, 12, 1),
(32, 13, 1),
(33, 7, 1),
(33, 8, 1),
(33, 11, 1),
(33, 12, 1),
(33, 13, 1),
(33, 15, 1),
(33, 16, 1),
(34, 8, 1),
(34, 12, 1),
(34, 15, 1),
(34, 16, 1),
(35, 6, 1),
(35, 7, 1),
(35, 11, 1),
(35, 13, 1),
(35, 15, 1),
(36, 5, 1),
(36, 9, 1),
(36, 11, 1),
(36, 12, 1),
(36, 15, 1),
(36, 16, 1),
(37, 5, 1),
(37, 11, 1),
(37, 12, 1),
(37, 15, 1),
(38, 5, 1),
(38, 6, 1),
(38, 7, 1),
(38, 8, 1),
(38, 11, 1),
(38, 13, 1),
(38, 15, 1),
(39, 5, 1),
(39, 9, 1),
(39, 11, 1),
(39, 12, 1),
(39, 13, 1),
(39, 15, 1),
(39, 16, 1),
(40, 5, 1),
(40, 7, 1),
(40, 8, 1),
(40, 10, 1),
(40, 11, 1),
(40, 13, 1),
(40, 15, 1),
(41, 11, 1),
(41, 13, 1),
(41, 15, 1),
(42, 11, 1),
(42, 15, 1),
(43, 6, 1),
(43, 7, 1),
(43, 11, 1),
(43, 13, 1),
(43, 15, 1),
(44, 8, 1),
(44, 9, 1),
(44, 12, 1),
(44, 13, 1),
(44, 15, 1),
(45, 8, 1),
(45, 11, 1),
(45, 13, 1),
(45, 15, 1),
(46, 5, 1),
(46, 9, 1),
(46, 11, 1),
(46, 12, 1),
(46, 16, 1),
(47, 6, 1),
(47, 9, 1),
(47, 11, 1),
(47, 13, 1),
(47, 15, 1),
(47, 16, 1),
(48, 9, 1),
(48, 11, 1),
(48, 12, 1),
(48, 13, 1),
(48, 15, 1),
(48, 16, 1),
(49, 8, 1),
(49, 11, 1),
(49, 13, 1),
(49, 15, 1),
(49, 16, 1),
(50, 8, 1),
(50, 11, 1),
(50, 12, 1),
(50, 13, 1),
(51, 9, 1),
(51, 12, 1),
(52, 9, 1),
(52, 12, 1),
(53, 5, 1),
(53, 6, 1),
(53, 11, 1),
(53, 12, 1),
(53, 13, 1),
(53, 15, 1),
(53, 16, 1),
(54, 5, 1),
(54, 11, 1),
(54, 12, 1),
(54, 13, 1),
(54, 15, 1),
(54, 16, 1),
(55, 5, 1),
(55, 6, 1),
(55, 8, 1),
(55, 11, 1),
(55, 12, 1),
(55, 13, 1),
(55, 15, 1),
(56, 5, 1),
(56, 6, 1),
(56, 9, 1),
(56, 12, 1),
(56, 13, 1),
(57, 7, 1),
(57, 8, 1),
(57, 10, 1),
(57, 11, 1),
(57, 13, 1),
(57, 15, 1),
(57, 16, 1),
(58, 8, 1),
(58, 11, 1),
(58, 12, 1),
(58, 13, 1),
(58, 15, 1),
(58, 16, 1),
(59, 6, 1),
(59, 8, 1),
(59, 10, 1),
(59, 11, 1),
(59, 13, 1),
(59, 15, 1),
(59, 16, 1),
(60, 5, 1),
(60, 6, 1),
(60, 7, 1),
(60, 8, 1),
(60, 9, 1),
(60, 12, 1),
(60, 13, 1),
(60, 15, 1),
(60, 16, 1),
(61, 12, 1),
(61, 13, 1),
(62, 9, 1),
(62, 12, 1),
(62, 13, 1),
(62, 15, 1),
(63, 6, 1),
(63, 8, 1),
(63, 9, 1),
(63, 10, 1),
(63, 15, 1),
(63, 16, 1),
(64, 5, 1),
(64, 7, 1),
(64, 8, 1),
(64, 10, 1),
(64, 13, 1),
(64, 16, 1),
(65, 7, 1),
(65, 8, 1),
(65, 9, 1),
(65, 10, 1),
(65, 12, 1),
(65, 13, 1),
(65, 15, 1),
(66, 6, 1),
(66, 7, 1),
(66, 8, 1),
(66, 9, 1),
(66, 12, 1),
(66, 13, 1),
(66, 15, 1),
(67, 6, 1),
(67, 7, 1),
(67, 8, 1),
(67, 10, 1),
(67, 15, 1),
(68, 7, 1),
(68, 8, 1),
(68, 15, 1),
(69, 5, 1),
(69, 7, 1),
(69, 8, 1),
(69, 9, 1),
(69, 12, 1),
(69, 13, 1),
(69, 15, 1),
(70, 5, 1),
(70, 6, 1),
(70, 7, 1),
(70, 8, 1),
(70, 9, 1),
(70, 11, 1),
(70, 12, 1),
(70, 15, 1),
(70, 16, 1),
(71, 6, 1),
(71, 7, 1),
(71, 9, 1),
(71, 13, 1),
(71, 15, 1),
(72, 5, 1),
(72, 10, 1),
(72, 13, 1),
(72, 16, 1),
(73, 5, 1),
(73, 6, 1),
(73, 7, 1),
(73, 11, 1),
(74, 7, 1),
(74, 8, 1),
(74, 10, 1),
(74, 11, 1),
(74, 12, 1),
(74, 13, 1),
(75, 6, 1),
(75, 7, 1),
(75, 8, 1),
(75, 9, 1),
(75, 10, 1),
(76, 5, 1),
(76, 7, 1),
(76, 8, 1),
(76, 11, 1),
(76, 15, 1),
(77, 5, 1),
(77, 6, 1),
(77, 8, 1),
(77, 11, 1),
(77, 12, 1),
(77, 13, 1),
(78, 7, 1),
(78, 10, 1),
(78, 11, 1),
(78, 15, 1),
(79, 5, 1),
(79, 8, 1),
(79, 10, 1),
(79, 13, 1),
(79, 16, 1),
(80, 5, 1),
(80, 8, 1),
(80, 10, 1),
(80, 11, 1),
(80, 15, 1),
(80, 16, 1),
(81, 6, 1),
(81, 8, 1),
(81, 9, 1),
(81, 10, 1),
(81, 12, 1),
(81, 13, 1),
(81, 15, 1),
(82, 6, 1),
(82, 7, 1),
(82, 8, 1),
(82, 9, 1),
(82, 12, 1),
(82, 15, 1),
(83, 6, 1),
(83, 8, 1),
(83, 10, 1),
(83, 12, 1),
(84, 8, 1),
(84, 9, 1),
(84, 10, 1),
(84, 15, 1),
(84, 16, 1),
(85, 5, 1),
(85, 6, 1),
(85, 7, 1),
(85, 8, 1),
(85, 10, 1),
(85, 11, 1),
(85, 13, 1),
(86, 5, 1),
(86, 7, 1),
(86, 8, 1),
(86, 9, 1),
(86, 10, 1),
(86, 12, 1),
(86, 13, 1),
(86, 16, 1),
(87, 7, 1),
(87, 8, 1),
(87, 12, 1),
(87, 15, 1),
(87, 16, 1),
(88, 6, 1),
(88, 7, 1),
(88, 8, 1),
(88, 9, 1),
(88, 10, 1),
(88, 11, 1),
(88, 12, 1),
(88, 15, 1),
(88, 16, 1),
(89, 9, 1),
(89, 11, 1),
(89, 13, 1),
(89, 15, 1),
(89, 16, 1),
(90, 12, 1),
(91, 7, 1),
(91, 8, 1),
(91, 9, 1),
(91, 10, 1),
(91, 12, 1),
(91, 13, 1),
(91, 16, 1),
(92, 5, 1),
(92, 7, 1),
(92, 9, 1),
(92, 10, 1),
(93, 5, 1),
(93, 7, 1),
(93, 9, 1),
(93, 12, 1),
(93, 16, 1),
(94, 10, 1),
(94, 12, 1),
(94, 15, 1),
(94, 16, 1),
(95, 5, 1),
(95, 7, 1),
(95, 8, 1),
(95, 10, 1),
(95, 12, 1),
(95, 13, 1),
(95, 15, 1),
(96, 8, 1),
(96, 9, 1),
(96, 15, 1),
(96, 16, 1),
(97, 5, 1),
(97, 7, 1),
(97, 9, 1),
(97, 10, 1),
(97, 13, 1),
(97, 16, 1),
(98, 5, 1),
(98, 11, 1),
(98, 12, 1),
(98, 16, 1),
(99, 6, 1),
(99, 7, 1),
(99, 9, 1),
(99, 10, 1),
(99, 12, 1),
(99, 13, 1),
(99, 15, 1),
(100, 5, 1),
(100, 6, 1),
(100, 7, 1),
(100, 9, 1),
(100, 12, 1),
(100, 13, 1),
(100, 15, 1),
(101, 10, 1),
(102, 6, 1),
(102, 10, 1),
(102, 12, 1),
(102, 13, 1),
(103, 7, 1),
(103, 10, 1),
(103, 11, 1),
(103, 12, 1),
(103, 15, 1),
(103, 16, 1),
(104, 5, 1),
(104, 10, 1),
(104, 11, 1),
(104, 12, 1),
(104, 15, 1),
(104, 16, 1),
(105, 7, 1),
(105, 9, 1),
(105, 11, 1),
(105, 12, 1),
(105, 13, 1),
(106, 5, 1),
(106, 7, 1),
(106, 8, 1),
(106, 10, 1),
(106, 12, 1),
(106, 16, 1),
(107, 6, 1),
(107, 7, 1),
(107, 8, 1),
(107, 11, 1),
(107, 15, 1),
(108, 5, 1),
(108, 6, 1),
(108, 7, 1),
(108, 8, 1),
(108, 9, 1),
(108, 10, 1),
(108, 11, 1),
(108, 12, 1),
(108, 13, 1),
(108, 15, 1),
(108, 16, 1),
(109, 6, 1),
(109, 7, 1),
(109, 10, 1),
(109, 12, 1),
(110, 6, 1),
(110, 7, 1),
(110, 8, 1),
(110, 9, 1),
(110, 15, 1),
(110, 16, 1),
(111, 5, 1),
(111, 8, 1),
(111, 10, 1),
(111, 12, 1),
(111, 13, 1),
(111, 15, 1),
(112, 6, 1),
(112, 8, 1),
(112, 11, 1),
(112, 16, 1),
(113, 5, 1),
(113, 6, 1),
(113, 7, 1),
(113, 12, 1),
(113, 15, 1),
(113, 16, 1),
(114, 5, 1),
(114, 7, 1),
(114, 10, 1),
(114, 11, 1),
(114, 15, 1),
(115, 5, 1),
(115, 6, 1),
(115, 11, 1),
(115, 15, 1),
(115, 16, 1),
(116, 7, 1),
(116, 10, 1),
(116, 12, 1),
(116, 15, 1),
(117, 5, 1),
(117, 6, 1),
(117, 8, 1),
(117, 11, 1),
(117, 15, 1),
(117, 16, 1),
(118, 8, 1),
(118, 11, 1),
(118, 12, 1),
(118, 13, 1),
(118, 15, 1),
(119, 5, 1),
(119, 7, 1),
(119, 8, 1),
(119, 12, 1),
(119, 15, 1),
(119, 16, 1),
(120, 6, 1),
(120, 7, 1),
(120, 10, 1),
(120, 11, 1),
(120, 15, 1),
(121, 10, 1),
(121, 12, 1),
(122, 5, 1),
(122, 6, 1),
(122, 7, 1),
(122, 10, 1),
(122, 12, 1),
(122, 13, 1),
(122, 16, 1),
(123, 8, 1),
(123, 9, 1),
(123, 12, 1),
(123, 13, 1),
(124, 8, 1),
(124, 9, 1),
(124, 10, 1),
(124, 11, 1),
(124, 16, 1),
(125, 6, 1),
(125, 7, 1),
(125, 9, 1),
(125, 11, 1),
(125, 12, 1),
(125, 13, 1),
(125, 15, 1),
(125, 16, 1),
(126, 5, 1),
(126, 7, 1),
(126, 11, 1),
(126, 12, 1),
(126, 13, 1),
(126, 15, 1),
(127, 6, 1),
(127, 10, 1),
(127, 12, 1),
(128, 6, 1),
(128, 9, 1),
(128, 10, 1),
(128, 11, 1),
(128, 12, 1),
(128, 13, 1),
(129, 7, 1),
(129, 8, 1),
(129, 15, 1),
(129, 16, 1),
(130, 6, 1),
(130, 8, 1),
(130, 9, 1),
(130, 11, 1),
(130, 15, 1),
(131, 8, 1),
(131, 11, 1),
(132, 7, 1),
(132, 9, 1),
(132, 10, 1),
(132, 12, 1),
(132, 13, 1),
(132, 16, 1),
(133, 6, 1),
(133, 7, 1),
(133, 9, 1),
(133, 11, 1),
(133, 13, 1),
(133, 16, 1),
(134, 7, 1),
(134, 8, 1),
(134, 10, 1),
(134, 11, 1),
(134, 12, 1),
(134, 13, 1),
(134, 15, 1),
(134, 16, 1),
(135, 6, 1),
(135, 8, 1),
(135, 10, 1),
(135, 11, 1),
(135, 16, 1),
(136, 5, 1),
(136, 7, 1),
(136, 10, 1),
(136, 11, 1),
(136, 15, 1),
(136, 16, 1),
(137, 5, 1),
(137, 7, 1),
(137, 9, 1),
(137, 10, 1),
(137, 11, 1),
(138, 5, 1),
(138, 7, 1),
(138, 13, 1),
(138, 15, 1),
(138, 16, 1),
(139, 5, 1),
(139, 8, 1),
(139, 9, 1),
(139, 11, 1),
(139, 12, 1),
(139, 16, 1),
(140, 7, 1),
(140, 9, 1),
(140, 11, 1),
(140, 13, 1),
(141, 5, 1),
(141, 6, 1),
(141, 7, 1),
(141, 9, 1),
(141, 10, 1),
(141, 11, 1),
(141, 16, 1),
(142, 7, 1),
(142, 9, 1),
(142, 11, 1),
(142, 13, 1),
(142, 15, 1),
(142, 16, 1),
(143, 9, 1),
(143, 11, 1),
(143, 12, 1),
(143, 13, 1),
(143, 16, 1),
(144, 6, 1),
(144, 7, 1),
(144, 8, 1),
(144, 10, 1),
(144, 11, 1),
(144, 15, 1),
(145, 6, 1),
(145, 8, 1),
(145, 9, 1),
(145, 11, 1),
(145, 16, 1),
(146, 6, 1),
(146, 7, 1),
(146, 8, 1),
(146, 9, 1),
(146, 12, 1),
(146, 15, 1),
(146, 16, 1),
(147, 5, 1),
(147, 6, 1),
(147, 7, 1),
(147, 8, 1),
(147, 9, 1),
(147, 10, 1),
(147, 11, 1),
(147, 15, 1),
(147, 16, 1),
(148, 5, 1),
(148, 7, 1),
(148, 10, 1),
(148, 11, 1),
(148, 16, 1),
(149, 5, 1),
(149, 9, 1),
(149, 11, 1),
(149, 13, 1),
(149, 15, 1),
(149, 16, 1),
(150, 6, 1),
(150, 10, 1),
(150, 12, 1),
(150, 13, 1),
(150, 15, 1),
(150, 16, 1),
(1, 10, 2),
(1, 11, 2),
(2, 5, 2),
(2, 6, 2),
(2, 7, 2),
(2, 8, 2),
(2, 10, 2),
(2, 12, 2),
(2, 16, 2),
(3, 10, 2),
(3, 13, 2),
(4, 10, 2),
(4, 11, 2),
(4, 16, 2),
(5, 5, 2),
(5, 11, 2),
(6, 5, 2),
(6, 7, 2),
(6, 10, 2),
(6, 11, 2),
(6, 15, 2),
(7, 5, 2),
(7, 8, 2),
(7, 10, 2),
(7, 11, 2),
(7, 13, 2),
(7, 15, 2),
(7, 16, 2),
(8, 5, 2),
(8, 6, 2),
(8, 11, 2),
(8, 13, 2),
(8, 15, 2),
(9, 10, 2),
(10, 8, 2),
(10, 9, 2),
(10, 10, 2),
(10, 11, 2),
(11, 5, 2),
(11, 6, 2),
(11, 11, 2),
(11, 13, 2),
(11, 15, 2),
(12, 8, 2),
(12, 10, 2),
(12, 11, 2),
(12, 15, 2),
(12, 16, 2),
(13, 8, 2),
(13, 10, 2),
(13, 11, 2),
(13, 15, 2),
(13, 16, 2),
(14, 10, 2),
(14, 11, 2),
(15, 5, 2),
(15, 7, 2),
(15, 9, 2),
(15, 11, 2),
(16, 5, 2),
(16, 9, 2),
(16, 10, 2),
(16, 11, 2),
(16, 16, 2),
(17, 5, 2),
(17, 6, 2),
(17, 10, 2),
(17, 11, 2),
(17, 13, 2),
(17, 15, 2),
(17, 16, 2),
(18, 5, 2),
(18, 6, 2),
(18, 7, 2),
(18, 8, 2),
(18, 9, 2),
(18, 10, 2),
(18, 11, 2),
(18, 13, 2),
(18, 16, 2),
(19, 5, 2),
(19, 6, 2),
(19, 10, 2),
(19, 11, 2),
(19, 13, 2),
(19, 15, 2),
(19, 16, 2),
(20, 7, 2),
(20, 9, 2),
(20, 10, 2),
(21, 7, 2),
(21, 9, 2),
(21, 10, 2),
(21, 15, 2),
(22, 10, 2),
(22, 11, 2),
(22, 13, 2),
(23, 9, 2),
(23, 10, 2),
(23, 11, 2),
(23, 13, 2),
(23, 15, 2),
(23, 16, 2),
(24, 5, 2),
(24, 6, 2),
(24, 7, 2),
(24, 8, 2),
(24, 9, 2),
(24, 10, 2),
(25, 5, 2),
(25, 6, 2),
(25, 8, 2),
(25, 9, 2),
(25, 10, 2),
(25, 11, 2),
(25, 16, 2),
(26, 5, 2),
(26, 6, 2),
(26, 7, 2),
(26, 9, 2),
(26, 10, 2),
(26, 11, 2),
(26, 16, 2),
(27, 5, 2),
(27, 7, 2),
(27, 9, 2),
(27, 10, 2),
(28, 6, 2),
(28, 7, 2),
(28, 8, 2),
(28, 9, 2),
(28, 10, 2),
(28, 11, 2),
(28, 13, 2),
(28, 15, 2),
(29, 6, 2),
(29, 9, 2),
(29, 10, 2),
(29, 16, 2),
(30, 6, 2),
(30, 8, 2),
(30, 10, 2),
(31, 6, 2),
(31, 7, 2),
(31, 9, 2),
(31, 10, 2),
(32, 5, 2),
(32, 7, 2),
(32, 8, 2),
(32, 9, 2),
(32, 10, 2),
(32, 11, 2),
(32, 15, 2),
(32, 16, 2),
(33, 5, 2),
(33, 6, 2),
(33, 9, 2),
(33, 10, 2),
(34, 5, 2),
(34, 6, 2),
(34, 7, 2),
(34, 9, 2),
(34, 10, 2),
(34, 11, 2),
(34, 13, 2),
(35, 5, 2),
(35, 8, 2),
(35, 9, 2),
(35, 10, 2),
(35, 12, 2),
(35, 16, 2),
(36, 6, 2),
(36, 7, 2),
(36, 8, 2),
(36, 10, 2),
(36, 13, 2),
(37, 6, 2),
(37, 7, 2),
(37, 8, 2),
(37, 9, 2),
(37, 10, 2),
(37, 13, 2),
(37, 16, 2),
(38, 9, 2),
(38, 10, 2),
(38, 12, 2),
(38, 16, 2),
(39, 6, 2),
(39, 7, 2),
(39, 8, 2),
(39, 10, 2),
(40, 6, 2),
(40, 9, 2),
(40, 12, 2),
(40, 16, 2),
(41, 5, 2),
(41, 6, 2),
(41, 7, 2),
(41, 8, 2),
(41, 9, 2),
(41, 10, 2),
(41, 12, 2),
(41, 16, 2),
(42, 5, 2),
(42, 6, 2),
(42, 7, 2),
(42, 8, 2),
(42, 9, 2),
(42, 10, 2),
(42, 12, 2),
(42, 13, 2),
(42, 16, 2),
(43, 5, 2),
(43, 8, 2),
(43, 9, 2),
(43, 10, 2),
(43, 12, 2),
(43, 16, 2),
(44, 5, 2),
(44, 6, 2),
(44, 7, 2),
(44, 10, 2),
(44, 11, 2),
(44, 16, 2),
(45, 5, 2),
(45, 6, 2),
(45, 7, 2),
(45, 9, 2),
(45, 10, 2),
(45, 12, 2),
(45, 16, 2),
(46, 6, 2),
(46, 7, 2),
(46, 8, 2),
(46, 10, 2),
(46, 13, 2),
(46, 15, 2),
(47, 5, 2),
(47, 7, 2),
(47, 8, 2),
(47, 10, 2),
(47, 12, 2),
(48, 5, 2),
(48, 6, 2),
(48, 7, 2),
(48, 8, 2),
(48, 10, 2),
(49, 5, 2),
(49, 6, 2),
(49, 7, 2),
(49, 9, 2),
(49, 10, 2),
(49, 12, 2),
(50, 5, 2),
(50, 6, 2),
(50, 7, 2),
(50, 9, 2),
(50, 10, 2),
(50, 15, 2),
(50, 16, 2),
(51, 5, 2),
(51, 6, 2),
(51, 7, 2),
(51, 8, 2),
(51, 10, 2),
(51, 11, 2),
(51, 13, 2),
(51, 15, 2),
(51, 16, 2),
(52, 5, 2),
(52, 6, 2),
(52, 7, 2),
(52, 8, 2),
(52, 10, 2),
(52, 11, 2),
(52, 13, 2),
(52, 15, 2),
(52, 16, 2),
(53, 7, 2),
(53, 8, 2),
(53, 9, 2),
(53, 10, 2),
(54, 6, 2),
(54, 7, 2),
(54, 8, 2),
(54, 9, 2),
(54, 10, 2),
(55, 7, 2),
(55, 9, 2),
(55, 10, 2),
(55, 16, 2),
(56, 7, 2),
(56, 8, 2),
(56, 10, 2),
(56, 11, 2),
(56, 15, 2),
(56, 16, 2),
(57, 5, 2),
(57, 6, 2),
(57, 9, 2),
(57, 12, 2),
(58, 5, 2),
(58, 6, 2),
(58, 7, 2),
(58, 9, 2),
(58, 10, 2),
(59, 5, 2),
(59, 7, 2),
(59, 9, 2),
(59, 12, 2),
(60, 10, 2),
(60, 11, 2),
(61, 5, 2),
(61, 6, 2),
(61, 7, 2),
(61, 8, 2),
(61, 9, 2),
(61, 10, 2),
(61, 11, 2),
(61, 15, 2),
(61, 16, 2),
(62, 5, 2),
(62, 6, 2),
(62, 7, 2),
(62, 8, 2),
(62, 10, 2),
(62, 11, 2),
(62, 16, 2),
(63, 5, 2),
(63, 7, 2),
(63, 11, 2),
(63, 12, 2),
(63, 13, 2),
(64, 6, 2),
(64, 9, 2),
(64, 11, 2),
(64, 12, 2),
(64, 15, 2),
(65, 5, 2),
(65, 6, 2),
(65, 11, 2),
(65, 16, 2),
(66, 5, 2),
(66, 10, 2),
(66, 11, 2),
(66, 16, 2),
(67, 5, 2),
(67, 9, 2),
(67, 11, 2),
(67, 12, 2),
(67, 13, 2),
(67, 16, 2),
(68, 5, 2),
(68, 6, 2),
(68, 9, 2),
(68, 10, 2),
(68, 11, 2),
(68, 12, 2),
(68, 13, 2),
(68, 16, 2),
(69, 6, 2),
(69, 10, 2),
(69, 11, 2),
(69, 16, 2),
(70, 10, 2),
(70, 13, 2),
(71, 5, 2),
(71, 8, 2),
(71, 10, 2),
(71, 11, 2),
(71, 12, 2),
(71, 16, 2),
(72, 6, 2),
(72, 7, 2),
(72, 8, 2),
(72, 9, 2),
(72, 11, 2),
(72, 12, 2),
(72, 15, 2),
(73, 8, 2),
(73, 9, 2),
(73, 10, 2),
(73, 12, 2),
(73, 13, 2),
(73, 15, 2),
(73, 16, 2),
(74, 5, 2),
(74, 6, 2),
(74, 9, 2),
(74, 15, 2),
(74, 16, 2),
(75, 5, 2),
(75, 11, 2),
(75, 12, 2),
(75, 13, 2),
(75, 15, 2),
(75, 16, 2),
(76, 6, 2),
(76, 9, 2),
(76, 10, 2),
(76, 12, 2),
(76, 13, 2),
(76, 16, 2),
(77, 7, 2),
(77, 9, 2),
(77, 10, 2),
(77, 15, 2),
(77, 16, 2),
(78, 5, 2),
(78, 6, 2),
(78, 8, 2),
(78, 9, 2),
(78, 12, 2),
(78, 13, 2),
(78, 16, 2),
(79, 6, 2),
(79, 7, 2),
(79, 9, 2),
(79, 11, 2),
(79, 12, 2),
(79, 15, 2),
(80, 6, 2),
(80, 7, 2),
(80, 9, 2),
(80, 12, 2),
(80, 13, 2),
(81, 5, 2),
(81, 7, 2),
(81, 11, 2),
(81, 16, 2),
(82, 5, 2),
(82, 10, 2),
(82, 11, 2),
(82, 13, 2),
(82, 16, 2),
(83, 5, 2),
(83, 7, 2),
(83, 9, 2),
(83, 11, 2),
(83, 13, 2),
(83, 15, 2),
(83, 16, 2),
(84, 5, 2),
(84, 6, 2),
(84, 7, 2),
(84, 11, 2),
(84, 12, 2),
(84, 13, 2),
(85, 9, 2),
(85, 12, 2),
(85, 15, 2),
(85, 16, 2),
(86, 6, 2),
(86, 11, 2),
(86, 15, 2),
(87, 5, 2),
(87, 6, 2),
(87, 9, 2),
(87, 10, 2),
(87, 11, 2),
(87, 13, 2),
(88, 5, 2),
(88, 13, 2),
(89, 5, 2),
(89, 6, 2),
(89, 7, 2),
(89, 8, 2),
(89, 10, 2),
(89, 12, 2),
(90, 5, 2),
(90, 6, 2),
(90, 7, 2),
(90, 8, 2),
(90, 9, 2),
(90, 10, 2),
(90, 11, 2),
(90, 13, 2),
(90, 15, 2),
(90, 16, 2),
(91, 5, 2),
(91, 6, 2),
(91, 11, 2),
(91, 15, 2),
(92, 6, 2),
(92, 8, 2),
(92, 11, 2),
(92, 12, 2),
(92, 13, 2),
(92, 15, 2),
(92, 16, 2),
(93, 6, 2),
(93, 8, 2),
(93, 10, 2),
(93, 11, 2),
(93, 13, 2),
(93, 15, 2),
(94, 5, 2),
(94, 6, 2),
(94, 7, 2),
(94, 8, 2),
(94, 9, 2),
(94, 11, 2),
(94, 13, 2),
(95, 6, 2),
(95, 9, 2),
(95, 11, 2),
(95, 16, 2),
(96, 5, 2),
(96, 6, 2),
(96, 7, 2),
(96, 10, 2),
(96, 11, 2),
(96, 12, 2),
(96, 13, 2),
(97, 6, 2),
(97, 8, 2),
(97, 11, 2),
(97, 12, 2),
(97, 15, 2),
(98, 6, 2),
(98, 7, 2),
(98, 8, 2),
(98, 9, 2),
(98, 10, 2),
(98, 13, 2),
(98, 15, 2),
(99, 5, 2),
(99, 8, 2),
(99, 11, 2),
(99, 16, 2),
(100, 8, 2),
(100, 10, 2),
(100, 11, 2),
(100, 16, 2),
(101, 5, 2),
(101, 6, 2),
(101, 7, 2),
(101, 8, 2),
(101, 9, 2),
(101, 11, 2),
(101, 12, 2),
(101, 13, 2),
(101, 15, 2),
(101, 16, 2),
(102, 5, 2),
(102, 7, 2),
(102, 8, 2),
(102, 9, 2),
(102, 11, 2),
(102, 15, 2),
(102, 16, 2),
(103, 5, 2),
(103, 6, 2),
(103, 8, 2),
(103, 9, 2),
(103, 13, 2),
(104, 6, 2),
(104, 7, 2),
(104, 8, 2),
(104, 9, 2),
(104, 13, 2),
(105, 5, 2),
(105, 6, 2),
(105, 8, 2),
(105, 10, 2),
(105, 15, 2),
(105, 16, 2),
(106, 6, 2),
(106, 9, 2),
(106, 11, 2),
(106, 13, 2),
(106, 15, 2),
(107, 5, 2),
(107, 9, 2),
(107, 10, 2),
(107, 12, 2),
(107, 13, 2),
(107, 16, 2),
(109, 5, 2),
(109, 8, 2),
(109, 9, 2),
(109, 11, 2),
(109, 13, 2),
(109, 15, 2),
(109, 16, 2),
(110, 5, 2),
(110, 10, 2),
(110, 11, 2),
(110, 12, 2),
(110, 13, 2),
(111, 6, 2),
(111, 7, 2),
(111, 9, 2),
(111, 11, 2),
(111, 16, 2),
(112, 5, 2),
(112, 7, 2),
(112, 9, 2),
(112, 10, 2),
(112, 12, 2),
(112, 13, 2),
(112, 15, 2),
(113, 8, 2),
(113, 9, 2),
(113, 10, 2),
(113, 11, 2),
(113, 13, 2),
(114, 6, 2),
(114, 8, 2),
(114, 9, 2),
(114, 12, 2),
(114, 13, 2),
(114, 16, 2),
(115, 7, 2),
(115, 8, 2),
(115, 9, 2),
(115, 10, 2),
(115, 12, 2),
(115, 13, 2),
(116, 5, 2),
(116, 6, 2),
(116, 8, 2),
(116, 9, 2),
(116, 11, 2),
(116, 13, 2),
(116, 16, 2),
(117, 7, 2),
(117, 9, 2),
(117, 10, 2),
(117, 12, 2),
(117, 13, 2),
(118, 5, 2),
(118, 6, 2),
(118, 7, 2),
(118, 9, 2),
(118, 10, 2),
(118, 16, 2),
(119, 6, 2),
(119, 9, 2),
(119, 10, 2),
(119, 11, 2),
(119, 13, 2),
(120, 5, 2),
(120, 8, 2),
(120, 9, 2),
(120, 12, 2),
(120, 13, 2),
(120, 16, 2),
(121, 5, 2),
(121, 6, 2),
(121, 7, 2),
(121, 8, 2),
(121, 9, 2),
(121, 11, 2),
(121, 13, 2),
(121, 15, 2),
(121, 16, 2),
(122, 8, 2),
(122, 9, 2),
(122, 11, 2),
(122, 15, 2),
(123, 5, 2),
(123, 6, 2),
(123, 7, 2),
(123, 10, 2),
(123, 11, 2),
(123, 15, 2),
(123, 16, 2),
(124, 5, 2),
(124, 6, 2),
(124, 7, 2),
(124, 12, 2),
(124, 13, 2),
(124, 15, 2),
(125, 5, 2),
(125, 8, 2),
(125, 10, 2),
(126, 6, 2),
(126, 8, 2),
(126, 9, 2),
(126, 10, 2),
(126, 16, 2),
(127, 5, 2),
(127, 7, 2),
(127, 8, 2),
(127, 9, 2),
(127, 11, 2),
(127, 13, 2),
(127, 15, 2),
(127, 16, 2),
(128, 5, 2),
(128, 7, 2),
(128, 8, 2),
(128, 15, 2),
(128, 16, 2),
(129, 5, 2),
(129, 6, 2),
(129, 9, 2),
(129, 10, 2),
(129, 11, 2),
(129, 12, 2),
(129, 13, 2),
(130, 5, 2),
(130, 7, 2),
(130, 10, 2),
(130, 12, 2),
(130, 13, 2),
(130, 16, 2),
(131, 5, 2),
(131, 6, 2),
(131, 7, 2),
(131, 9, 2),
(131, 10, 2),
(131, 12, 2),
(131, 13, 2),
(131, 15, 2),
(131, 16, 2),
(132, 5, 2),
(132, 6, 2),
(132, 8, 2),
(132, 11, 2),
(132, 15, 2),
(133, 5, 2),
(133, 8, 2),
(133, 10, 2),
(133, 12, 2),
(133, 15, 2),
(134, 5, 2),
(134, 6, 2),
(134, 9, 2),
(135, 5, 2),
(135, 7, 2),
(135, 9, 2),
(135, 12, 2),
(135, 13, 2),
(135, 15, 2),
(136, 6, 2),
(136, 8, 2),
(136, 9, 2),
(136, 12, 2),
(136, 13, 2),
(137, 6, 2),
(137, 8, 2),
(137, 12, 2),
(137, 13, 2),
(137, 15, 2),
(137, 16, 2),
(138, 6, 2),
(138, 8, 2),
(138, 9, 2),
(138, 10, 2),
(138, 11, 2),
(138, 12, 2),
(139, 6, 2),
(139, 7, 2),
(139, 10, 2),
(139, 13, 2),
(139, 15, 2),
(140, 5, 2),
(140, 6, 2),
(140, 8, 2),
(140, 10, 2),
(140, 12, 2),
(140, 15, 2),
(140, 16, 2),
(141, 8, 2),
(141, 12, 2),
(141, 13, 2),
(141, 15, 2),
(142, 5, 2),
(142, 6, 2),
(142, 8, 2),
(142, 10, 2),
(142, 12, 2),
(143, 5, 2),
(143, 6, 2),
(143, 7, 2),
(143, 8, 2),
(143, 10, 2),
(143, 15, 2),
(144, 5, 2),
(144, 9, 2),
(144, 12, 2),
(144, 13, 2),
(144, 16, 2),
(145, 5, 2),
(145, 7, 2),
(145, 10, 2),
(145, 12, 2),
(145, 13, 2),
(145, 15, 2),
(146, 5, 2),
(146, 10, 2),
(146, 11, 2),
(146, 13, 2),
(147, 12, 2),
(147, 13, 2),
(148, 6, 2),
(148, 8, 2),
(148, 9, 2),
(148, 12, 2),
(148, 13, 2),
(148, 15, 2),
(149, 6, 2),
(149, 7, 2),
(149, 8, 2),
(149, 10, 2),
(149, 12, 2),
(150, 5, 2),
(150, 7, 2),
(150, 8, 2),
(150, 9, 2),
(150, 11, 2),
(1, 4, 3),
(2, 2, 3),
(2, 3, 3),
(2, 4, 3),
(2, 14, 3),
(3, 4, 3),
(4, 3, 3),
(4, 4, 3),
(5, 4, 3),
(6, 2, 3),
(6, 3, 3),
(6, 4, 3),
(6, 14, 3),
(7, 2, 3),
(7, 3, 3),
(7, 14, 3),
(8, 2, 3),
(8, 3, 3),
(8, 4, 3),
(9, 3, 3),
(9, 4, 3),
(10, 4, 3),
(11, 4, 3),
(12, 3, 3),
(12, 4, 3),
(12, 14, 3),
(13, 3, 3),
(13, 4, 3),
(13, 14, 3),
(14, 4, 3),
(15, 4, 3),
(15, 14, 3),
(18, 2, 3),
(18, 4, 3),
(18, 14, 3),
(19, 2, 3),
(19, 14, 3),
(20, 3, 3),
(20, 4, 3),
(20, 14, 3),
(21, 4, 3),
(21, 14, 3),
(22, 4, 3),
(23, 3, 3),
(23, 4, 3),
(25, 4, 3),
(26, 3, 3),
(26, 14, 3),
(27, 3, 3),
(27, 4, 3),
(28, 3, 3),
(28, 4, 3),
(28, 14, 3),
(31, 4, 3),
(32, 4, 3),
(34, 4, 3),
(36, 4, 3),
(37, 4, 3),
(38, 4, 3),
(41, 4, 3),
(43, 4, 3),
(44, 4, 3),
(45, 2, 3),
(45, 3, 3),
(46, 14, 3),
(47, 2, 3),
(47, 3, 3),
(47, 4, 3),
(47, 14, 3),
(48, 2, 3),
(48, 3, 3),
(49, 3, 3),
(49, 4, 3),
(50, 2, 3),
(50, 3, 3),
(50, 4, 3),
(51, 2, 3),
(51, 3, 3),
(51, 14, 3),
(52, 2, 3),
(52, 3, 3),
(52, 14, 3),
(53, 3, 3),
(53, 4, 3),
(53, 14, 3),
(54, 3, 3),
(54, 4, 3),
(54, 14, 3),
(55, 4, 3),
(57, 4, 3),
(58, 4, 3),
(59, 4, 3),
(60, 2, 3),
(60, 4, 3),
(61, 3, 3),
(61, 4, 3),
(61, 14, 3),
(62, 2, 3),
(62, 3, 3),
(62, 14, 3),
(64, 2, 3),
(64, 3, 3),
(64, 14, 3),
(65, 3, 3),
(66, 4, 3),
(66, 14, 3),
(67, 2, 3),
(67, 14, 3),
(69, 4, 3),
(70, 4, 3),
(71, 3, 3),
(72, 2, 3),
(72, 3, 3),
(74, 4, 3),
(76, 2, 3),
(76, 3, 3),
(77, 2, 3),
(79, 3, 3),
(80, 3, 3),
(80, 14, 3),
(81, 3, 3),
(83, 14, 3),
(84, 3, 3),
(84, 14, 3),
(86, 2, 3),
(87, 2, 3),
(88, 2, 3),
(88, 14, 3),
(89, 2, 3),
(89, 4, 3),
(91, 2, 3),
(92, 14, 3),
(93, 2, 3),
(93, 14, 3),
(94, 3, 3),
(94, 14, 3),
(95, 3, 3),
(96, 3, 3),
(96, 14, 3),
(97, 2, 3),
(97, 3, 3),
(97, 4, 3),
(97, 14, 3),
(99, 14, 3),
(100, 2, 3),
(100, 4, 3),
(101, 4, 3),
(102, 2, 3),
(102, 3, 3),
(103, 2, 3),
(103, 4, 3),
(103, 14, 3),
(105, 3, 3),
(105, 4, 3),
(106, 2, 3),
(106, 3, 3),
(107, 3, 3),
(108, 2, 3),
(108, 3, 3),
(109, 14, 3),
(110, 4, 3),
(111, 2, 3),
(111, 14, 3),
(112, 2, 3),
(113, 2, 3),
(113, 3, 3),
(114, 3, 3),
(114, 4, 3),
(115, 14, 3),
(116, 3, 3),
(116, 4, 3),
(119, 4, 3),
(119, 14, 3),
(120, 14, 3),
(121, 3, 3),
(121, 4, 3),
(123, 3, 3),
(124, 4, 3),
(125, 4, 3),
(127, 14, 3),
(128, 3, 3),
(129, 14, 3),
(131, 3, 3),
(132, 2, 3),
(132, 4, 3),
(132, 14, 3),
(133, 3, 3),
(135, 2, 3),
(136, 3, 3),
(136, 14, 3),
(138, 3, 3),
(139, 3, 3),
(139, 4, 3),
(140, 3, 3),
(142, 2, 3),
(142, 3, 3),
(143, 2, 3),
(145, 3, 3),
(146, 3, 3),
(147, 3, 3),
(147, 4, 3),
(147, 14, 3),
(150, 3, 3),
(150, 4, 3),
(150, 14, 3),
(1, 3, 4),
(1, 14, 4),
(3, 3, 4),
(3, 14, 4),
(4, 14, 4),
(5, 14, 4),
(7, 4, 4),
(8, 14, 4),
(9, 2, 4),
(9, 14, 4),
(10, 2, 4),
(10, 3, 4),
(10, 14, 4),
(11, 2, 4),
(11, 3, 4),
(11, 14, 4),
(12, 2, 4),
(13, 2, 4),
(14, 2, 4),
(14, 3, 4),
(14, 14, 4),
(15, 2, 4),
(15, 3, 4),
(16, 2, 4),
(16, 4, 4),
(16, 14, 4),
(18, 3, 4),
(19, 3, 4),
(19, 4, 4),
(20, 2, 4),
(21, 3, 4),
(22, 2, 4),
(22, 3, 4),
(22, 14, 4),
(23, 2, 4),
(23, 14, 4),
(24, 2, 4),
(24, 3, 4),
(24, 14, 4),
(25, 3, 4),
(25, 14, 4),
(26, 4, 4),
(27, 14, 4),
(29, 3, 4),
(29, 4, 4),
(30, 3, 4),
(30, 14, 4),
(31, 2, 4),
(31, 14, 4),
(33, 4, 4),
(33, 14, 4),
(34, 2, 4),
(34, 14, 4),
(35, 4, 4),
(36, 14, 4),
(37, 3, 4),
(37, 14, 4),
(38, 3, 4),
(38, 14, 4),
(39, 3, 4),
(40, 4, 4),
(40, 14, 4),
(41, 3, 4),
(41, 14, 4),
(42, 2, 4),
(42, 4, 4),
(42, 14, 4),
(43, 3, 4),
(43, 14, 4),
(45, 4, 4),
(45, 14, 4),
(46, 2, 4),
(46, 3, 4),
(48, 4, 4),
(49, 2, 4),
(49, 14, 4),
(50, 14, 4),
(56, 4, 4),
(56, 14, 4),
(57, 2, 4),
(57, 3, 4),
(57, 14, 4),
(58, 3, 4),
(58, 14, 4),
(59, 2, 4),
(59, 3, 4),
(59, 14, 4),
(60, 3, 4),
(60, 14, 4),
(61, 2, 4),
(62, 4, 4),
(63, 2, 4),
(63, 3, 4),
(63, 14, 4),
(67, 3, 4),
(67, 4, 4),
(68, 3, 4),
(69, 14, 4),
(70, 3, 4),
(70, 14, 4),
(71, 14, 4),
(72, 14, 4),
(73, 3, 4),
(73, 4, 4),
(73, 14, 4),
(74, 14, 4),
(75, 4, 4),
(76, 14, 4),
(77, 3, 4),
(78, 14, 4),
(80, 2, 4),
(80, 4, 4),
(83, 3, 4),
(85, 2, 4),
(85, 14, 4),
(86, 14, 4),
(87, 3, 4),
(90, 3, 4),
(90, 14, 4),
(91, 14, 4),
(92, 3, 4),
(93, 3, 4),
(93, 4, 4),
(94, 4, 4),
(95, 2, 4),
(95, 4, 4),
(95, 14, 4),
(98, 2, 4),
(98, 14, 4),
(99, 3, 4),
(100, 3, 4),
(100, 14, 4),
(101, 3, 4),
(104, 3, 4),
(106, 4, 4),
(106, 14, 4),
(107, 4, 4),
(107, 14, 4),
(108, 14, 4),
(109, 2, 4),
(109, 3, 4),
(110, 2, 4),
(111, 3, 4),
(111, 4, 4),
(112, 14, 4),
(115, 2, 4),
(115, 3, 4),
(117, 2, 4),
(117, 3, 4),
(117, 4, 4),
(118, 3, 4),
(120, 3, 4),
(121, 14, 4),
(122, 3, 4),
(122, 4, 4),
(123, 4, 4),
(125, 2, 4),
(125, 3, 4),
(126, 2, 4),
(126, 14, 4),
(128, 14, 4),
(130, 3, 4),
(130, 14, 4),
(131, 4, 4),
(133, 4, 4),
(133, 14, 4),
(135, 4, 4),
(136, 2, 4),
(136, 4, 4),
(137, 14, 4),
(138, 2, 4),
(138, 14, 4),
(140, 2, 4),
(140, 14, 4),
(141, 2, 4),
(141, 3, 4),
(141, 4, 4),
(143, 3, 4),
(143, 14, 4),
(144, 2, 4),
(144, 3, 4),
(145, 4, 4),
(145, 14, 4),
(146, 4, 4),
(148, 2, 4),
(148, 3, 4),
(149, 14, 4),
(1, 2, 5),
(3, 2, 5),
(4, 2, 5),
(5, 2, 5),
(5, 3, 5),
(16, 3, 5),
(17, 2, 5),
(17, 3, 5),
(17, 14, 5),
(21, 2, 5),
(24, 4, 5),
(25, 2, 5),
(26, 2, 5),
(28, 2, 5),
(29, 14, 5),
(30, 2, 5),
(31, 3, 5),
(32, 3, 5),
(32, 14, 5),
(33, 2, 5),
(33, 3, 5),
(34, 3, 5),
(35, 2, 5),
(35, 3, 5),
(35, 14, 5),
(36, 3, 5),
(37, 2, 5),
(38, 2, 5),
(39, 2, 5),
(39, 14, 5),
(40, 3, 5),
(41, 2, 5),
(42, 3, 5),
(43, 2, 5),
(44, 2, 5),
(44, 3, 5),
(44, 14, 5),
(48, 14, 5),
(52, 4, 5),
(54, 2, 5),
(55, 2, 5),
(55, 3, 5),
(55, 14, 5),
(56, 3, 5),
(58, 2, 5),
(63, 4, 5),
(65, 14, 5),
(66, 3, 5),
(68, 14, 5),
(69, 2, 5),
(69, 3, 5),
(70, 2, 5),
(72, 4, 5),
(74, 3, 5),
(75, 2, 5),
(75, 3, 5),
(75, 14, 5),
(76, 4, 5),
(77, 4, 5),
(77, 14, 5),
(78, 3, 5),
(78, 4, 5),
(79, 14, 5),
(81, 2, 5),
(81, 4, 5),
(81, 14, 5),
(82, 3, 5),
(82, 4, 5),
(82, 14, 5),
(83, 2, 5),
(84, 2, 5),
(85, 3, 5),
(86, 3, 5),
(86, 4, 5),
(87, 14, 5),
(88, 3, 5),
(88, 4, 5),
(89, 3, 5),
(89, 14, 5),
(90, 4, 5),
(91, 3, 5),
(96, 2, 5),
(96, 4, 5),
(98, 3, 5),
(98, 4, 5),
(99, 2, 5),
(101, 2, 5),
(101, 14, 5),
(102, 14, 5),
(103, 3, 5),
(104, 4, 5),
(104, 14, 5),
(105, 2, 5),
(105, 14, 5),
(109, 4, 5),
(110, 3, 5),
(110, 14, 5),
(112, 3, 5),
(112, 4, 5),
(113, 14, 5),
(114, 2, 5),
(114, 14, 5),
(115, 4, 5),
(116, 14, 5),
(117, 14, 5),
(118, 14, 5),
(119, 2, 5),
(119, 3, 5),
(120, 2, 5),
(121, 2, 5),
(122, 14, 5),
(123, 2, 5),
(123, 14, 5),
(124, 2, 5),
(124, 3, 5),
(124, 14, 5),
(125, 14, 5),
(126, 3, 5),
(126, 4, 5),
(127, 3, 5),
(127, 4, 5),
(128, 4, 5),
(129, 2, 5),
(129, 3, 5),
(130, 2, 5),
(130, 4, 5),
(131, 2, 5),
(131, 14, 5),
(132, 3, 5),
(133, 2, 5),
(134, 3, 5),
(134, 4, 5),
(134, 14, 5),
(135, 3, 5),
(135, 14, 5),
(137, 2, 5),
(137, 3, 5),
(138, 4, 5),
(139, 14, 5),
(141, 14, 5),
(142, 14, 5),
(144, 14, 5),
(146, 2, 5),
(146, 14, 5),
(148, 14, 5),
(149, 2, 5),
(149, 3, 5),
(17, 4, 6),
(27, 2, 6),
(29, 2, 6),
(30, 4, 6),
(32, 2, 6),
(36, 2, 6),
(39, 4, 6),
(40, 2, 6),
(46, 4, 6),
(51, 4, 6),
(53, 2, 6),
(56, 2, 6),
(64, 4, 6),
(65, 2, 6),
(65, 4, 6),
(66, 2, 6),
(68, 2, 6),
(68, 4, 6),
(71, 2, 6),
(71, 4, 6),
(73, 2, 6),
(74, 2, 6),
(78, 2, 6),
(79, 2, 6),
(79, 4, 6),
(82, 2, 6),
(83, 4, 6),
(84, 4, 6),
(85, 4, 6),
(87, 4, 6),
(90, 2, 6),
(91, 4, 6),
(92, 2, 6),
(92, 4, 6),
(94, 2, 6),
(99, 4, 6),
(102, 4, 6),
(104, 2, 6),
(107, 2, 6),
(108, 4, 6),
(113, 4, 6),
(116, 2, 6),
(118, 2, 6),
(118, 4, 6),
(120, 4, 6),
(122, 2, 6),
(127, 2, 6),
(128, 2, 6),
(129, 4, 6),
(134, 2, 6),
(137, 4, 6),
(139, 2, 6),
(140, 4, 6),
(142, 4, 6),
(143, 4, 6),
(144, 4, 6),
(145, 2, 6),
(147, 2, 6),
(148, 4, 6),
(149, 4, 6),
(150, 2, 6),
(1, 1, 7),
(2, 1, 7),
(3, 1, 7),
(4, 1, 7),
(5, 1, 7),
(6, 1, 7),
(7, 1, 7),
(8, 1, 7),
(9, 1, 7),
(10, 1, 7),
(11, 1, 7),
(12, 1, 7),
(13, 1, 7),
(14, 1, 7),
(15, 1, 7),
(16, 1, 7),
(17, 1, 7),
(18, 1, 7),
(19, 1, 7),
(20, 1, 7),
(21, 1, 7),
(22, 1, 7),
(23, 1, 7),
(24, 1, 7),
(25, 1, 7),
(26, 1, 7),
(27, 1, 7),
(28, 1, 7),
(29, 1, 7),
(30, 1, 7),
(31, 1, 7),
(32, 1, 7),
(33, 1, 7),
(34, 1, 7),
(35, 1, 7),
(36, 1, 7),
(37, 1, 7),
(38, 1, 7),
(39, 1, 7),
(40, 1, 7),
(41, 1, 7),
(42, 1, 7),
(43, 1, 7),
(44, 1, 7),
(45, 1, 7),
(46, 1, 7),
(47, 1, 7),
(48, 1, 7),
(49, 1, 7),
(50, 1, 7),
(51, 1, 7),
(52, 1, 7),
(53, 1, 7),
(54, 1, 7),
(55, 1, 7),
(56, 1, 7),
(57, 1, 7),
(58, 1, 7),
(59, 1, 7),
(60, 1, 7),
(61, 1, 7),
(62, 1, 7),
(63, 1, 7),
(64, 1, 7),
(65, 1, 7),
(66, 1, 7),
(67, 1, 7),
(68, 1, 7),
(69, 1, 7),
(70, 1, 7),
(71, 1, 7),
(72, 1, 7),
(73, 1, 7),
(74, 1, 7),
(75, 1, 7),
(76, 1, 7),
(77, 1, 7),
(78, 1, 7),
(79, 1, 7),
(80, 1, 7),
(81, 1, 7),
(82, 1, 7),
(83, 1, 7),
(84, 1, 7),
(85, 1, 7),
(86, 1, 7),
(87, 1, 7),
(88, 1, 7),
(89, 1, 7),
(90, 1, 7),
(91, 1, 7),
(92, 1, 7),
(93, 1, 7),
(94, 1, 7),
(95, 1, 7),
(96, 1, 7),
(97, 1, 7),
(98, 1, 7),
(99, 1, 7),
(100, 1, 7),
(101, 1, 7),
(102, 1, 7),
(103, 1, 7),
(104, 1, 7),
(105, 1, 7),
(106, 1, 7),
(107, 1, 7),
(108, 1, 7),
(109, 1, 7),
(110, 1, 7),
(111, 1, 7),
(112, 1, 7),
(113, 1, 7),
(114, 1, 7),
(115, 1, 7),
(116, 1, 7),
(117, 1, 7),
(118, 1, 7),
(119, 1, 7),
(120, 1, 7),
(121, 1, 7),
(122, 1, 7),
(123, 1, 7),
(124, 1, 7),
(125, 1, 7),
(126, 1, 7),
(127, 1, 7),
(128, 1, 7),
(129, 1, 7),
(130, 1, 7),
(131, 1, 7),
(132, 1, 7),
(133, 1, 7),
(134, 1, 7),
(135, 1, 7),
(136, 1, 7),
(137, 1, 7),
(138, 1, 7),
(139, 1, 7),
(140, 1, 7),
(141, 1, 7),
(142, 1, 7),
(143, 1, 7),
(144, 1, 7),
(145, 1, 7),
(146, 1, 7),
(147, 1, 7),
(148, 1, 7),
(149, 1, 7),
(150, 1, 7);

-- --------------------------------------------------------

--
-- Structure de la table `secteuractivite`
--

CREATE TABLE IF NOT EXISTS `secteuractivite` (
  `idSecteur` int(11) NOT NULL,
  `labelSecteur` varchar(100) NOT NULL
) ENGINE=InnoDB AUTO_INCREMENT=15 DEFAULT CHARSET=utf8mb4;

--
-- Contenu de la table `secteuractivite`
--

INSERT INTO `secteuractivite` (`idSecteur`, `labelSecteur`) VALUES
(1, 'Agriculture, forestry and fishing'),
(2, 'Automotive'),
(3, 'Chemicals'),
(4, 'Construction'),
(5, 'Energy'),
(6, 'ICT (Information and communication technologies)'),
(7, 'Metals'),
(8, 'Services'),
(9, 'Pharmaceutical'),
(10, 'Retail'),
(11, 'Textile - Clothing'),
(12, 'Transports'),
(13, 'Insurance, Finance, Banking');

--
-- Index pour les tables exportées
--

--
-- Index pour la table `categorie`
--
ALTER TABLE `categorie`
  ADD PRIMARY KEY (`idCategorie`);

--
-- Index pour la table `client`
--
ALTER TABLE `client`
  ADD PRIMARY KEY (`idClient`),
  ADD KEY `idPays` (`idPays`);

--
-- Index pour la table `contact`
--
ALTER TABLE `contact`
  ADD PRIMARY KEY (`idContact`),
  ADD KEY `idClient` (`idClient`);

--
-- Index pour la table `formulaire`
--
ALTER TABLE `formulaire`
  ADD PRIMARY KEY (`idFormulaire`),
  ADD KEY `idClient` (`idClient`),
  ADD KEY `idPrestataire` (`idPrestataire`),
  ADD KEY `idSecteur` (`idSecteur`),
  ADD KEY `idPays` (`idPays`);

--
-- Index pour la table `pays`
--
ALTER TABLE `pays`
  ADD PRIMARY KEY (`idPays`),
  ADD KEY `idReponse` (`idReponse`),
  ADD KEY `idPays` (`idPays`);

--
-- Index pour la table `pointobtenu`
--
ALTER TABLE `pointobtenu`
  ADD PRIMARY KEY (`idQuestion`,`idReponse`),
  ADD KEY `idReponse` (`idReponse`);

--
-- Index pour la table `prestataire`
--
ALTER TABLE `prestataire`
  ADD PRIMARY KEY (`idPrestataire`);

--
-- Index pour la table `question`
--
ALTER TABLE `question`
  ADD PRIMARY KEY (`idQuestion`),
  ADD KEY `idCategorie` (`idCategorie`);

--
-- Index pour la table `reponse`
--
ALTER TABLE `reponse`
  ADD PRIMARY KEY (`idReponse`);

--
-- Index pour la table `reponseformulaire`
--
ALTER TABLE `reponseformulaire`
  ADD PRIMARY KEY (`idFormulaire`,`idQuestion`),
  ADD KEY `idReponsePresta` (`idReponsePresta`),
  ADD KEY `idQuestion` (`idQuestion`);

--
-- Index pour la table `secteuractivite`
--
ALTER TABLE `secteuractivite`
  ADD PRIMARY KEY (`idSecteur`);

--
-- AUTO_INCREMENT pour les tables exportées
--

--
-- AUTO_INCREMENT pour la table `categorie`
--
ALTER TABLE `categorie`
  MODIFY `idCategorie` int(11) NOT NULL AUTO_INCREMENT,AUTO_INCREMENT=6;
--
-- AUTO_INCREMENT pour la table `client`
--
ALTER TABLE `client`
  MODIFY `idClient` int(11) NOT NULL AUTO_INCREMENT,AUTO_INCREMENT=4;
--
-- AUTO_INCREMENT pour la table `contact`
--
ALTER TABLE `contact`
  MODIFY `idContact` int(11) NOT NULL AUTO_INCREMENT,AUTO_INCREMENT=5;
--
-- AUTO_INCREMENT pour la table `formulaire`
--
ALTER TABLE `formulaire`
  MODIFY `idFormulaire` int(11) NOT NULL AUTO_INCREMENT,AUTO_INCREMENT=151;
--
-- AUTO_INCREMENT pour la table `pays`
--
ALTER TABLE `pays`
  MODIFY `idPays` int(11) NOT NULL AUTO_INCREMENT,AUTO_INCREMENT=242;
--
-- AUTO_INCREMENT pour la table `prestataire`
--
ALTER TABLE `prestataire`
  MODIFY `idPrestataire` int(11) NOT NULL AUTO_INCREMENT,AUTO_INCREMENT=151;
--
-- AUTO_INCREMENT pour la table `question`
--
ALTER TABLE `question`
  MODIFY `idQuestion` int(11) NOT NULL AUTO_INCREMENT,AUTO_INCREMENT=17;
--
-- AUTO_INCREMENT pour la table `reponse`
--
ALTER TABLE `reponse`
  MODIFY `idReponse` int(11) NOT NULL AUTO_INCREMENT,AUTO_INCREMENT=8;
--
-- AUTO_INCREMENT pour la table `secteuractivite`
--
ALTER TABLE `secteuractivite`
  MODIFY `idSecteur` int(11) NOT NULL AUTO_INCREMENT,AUTO_INCREMENT=15;
--
-- Contraintes pour les tables exportées
--

--
-- Contraintes pour la table `client`
--
ALTER TABLE `client`
  ADD CONSTRAINT `client_ibfk_1` FOREIGN KEY (`idPays`) REFERENCES `pays` (`idPays`);

--
-- Contraintes pour la table `contact`
--
ALTER TABLE `contact`
  ADD CONSTRAINT `contact_ibfk_1` FOREIGN KEY (`idClient`) REFERENCES `client` (`idClient`);

--
-- Contraintes pour la table `formulaire`
--
ALTER TABLE `formulaire`
  ADD CONSTRAINT `formulaire_ibfk_1` FOREIGN KEY (`idClient`) REFERENCES `client` (`idClient`),
  ADD CONSTRAINT `formulaire_ibfk_2` FOREIGN KEY (`idPrestataire`) REFERENCES `prestataire` (`idPrestataire`),
  ADD CONSTRAINT `formulaire_ibfk_3` FOREIGN KEY (`idSecteur`) REFERENCES `secteuractivite` (`idSecteur`),
  ADD CONSTRAINT `formulaire_ibfk_4` FOREIGN KEY (`idPays`) REFERENCES `pays` (`idPays`);

--
-- Contraintes pour la table `pays`
--
ALTER TABLE `pays`
  ADD CONSTRAINT `pays_ibfk_1` FOREIGN KEY (`idReponse`) REFERENCES `reponse` (`idReponse`);

--
-- Contraintes pour la table `pointobtenu`
--
ALTER TABLE `pointobtenu`
  ADD CONSTRAINT `pointobtenu_ibfk_1` FOREIGN KEY (`idQuestion`) REFERENCES `question` (`idQuestion`),
  ADD CONSTRAINT `pointobtenu_ibfk_2` FOREIGN KEY (`idReponse`) REFERENCES `reponse` (`idReponse`);

--
-- Contraintes pour la table `question`
--
ALTER TABLE `question`
  ADD CONSTRAINT `question_ibfk_1` FOREIGN KEY (`idCategorie`) REFERENCES `categorie` (`idCategorie`);

--
-- Contraintes pour la table `reponseformulaire`
--
ALTER TABLE `reponseformulaire`
  ADD CONSTRAINT `reponseformulaire_ibfk_1` FOREIGN KEY (`idFormulaire`) REFERENCES `formulaire` (`idFormulaire`),
  ADD CONSTRAINT `reponseformulaire_ibfk_2` FOREIGN KEY (`idQuestion`) REFERENCES `pointobtenu` (`idQuestion`),
  ADD CONSTRAINT `reponseformulaire_ibfk_3` FOREIGN KEY (`idReponsePresta`) REFERENCES `pointobtenu` (`idReponse`);

/*!40101 SET CHARACTER_SET_CLIENT=@OLD_CHARACTER_SET_CLIENT */;
/*!40101 SET CHARACTER_SET_RESULTS=@OLD_CHARACTER_SET_RESULTS */;
/*!40101 SET COLLATION_CONNECTION=@OLD_COLLATION_CONNECTION */;
